bg,title
,æ¯æœˆå‘å¸ƒæ–‡å­—å›¾ç‰‡ç±»åˆ«é€800ACGå¸
,è¯·ä¸è¦å‘å¸ƒéœ²ç‚¹è‰²æƒ…å›¾ç‰‡
https://acg.fi/wp-content/uploads/bfi_thumb/1361096903158d2e52-6r3t8secwxqk8boarud4d7u2n72l1aizmxj9w5z1p4w.jpg,å¥¶ä¸€æ³¢ä½ æ‡‚å¾—
https://acg.fi/wp-content/uploads/bfi_thumb/13610dde6f5f532f4b-6r3uy5tvtef3ueqz6beio4ajukckua2a1d7de0j3ngg.jpeg,ç­¾æ”¶ä¸€ä¸‹ä½ çš„ç¾å›¾
https://acg.fi/wp-content/uploads/bfi_thumb/13610dcacb56409439-6r3umd0ponxknb41cwrym8hq9laexilt7ml7fwkyzk0.jpeg,è´¨é‡èµ°ä¸€æ³¢
https://acg.fi/wp-content/uploads/bfi_thumb/13610a767ff9d5a593-6r3taqw95if2f2twc6u5281n73f42lauwmgovx2iqgw.jpeg,å¥¶ä¸€æ³¢ï¼Œä½ ä»¬æ‡‚å¾—
https://acg.fi/wp-content/uploads/bfi_thumb/731775ad720bb3e60-6r3rggyl9powgvrlodi4r44m01f307uv0l6j1w064jk.jpg,ç¦åˆ©
https://acg.fi/wp-content/uploads/bfi_thumb/13013b56d050d363dd-6r3pk4cmyysigbxrwlw3fx1yi1f46c2esyakjbkjgxs.jpg,æ—¥å¸¸æ›´æ–°ã€‚ã€‚
https://acg.fi/wp-content/uploads/bfi_thumb/7317ed53cbccf4589-6r3k3665b9il90snoa4e8z8irfdpmzsvxh5qm717zi8.jpg,é¢†å›å®¶ğŸ˜˜
https://acg.fi/wp-content/uploads/bfi_thumb/130135b94d5763d4c4-6r3i5jcgohuxpn5ykdj7a6tpdzdj4nqythj2o6u45ts.jpg,ä¸ªäººæ”¶è—çš„ç¾å›¾ï¼Œæœ‰ç‚¹å¤šï¼Œä¸å–œå‹¿å–·
https://acg.fi/wp-content/uploads/bfi_thumb/130130a5f573fad483-6r3b5bubkp9s2xqg2av8r8087q990sdyru5ogucdx1c.jpeg,ç¾å›¾ç¦åˆ© ï¼Œå•Šå•¦å•¦å•¦å•¦å•¦å•¦å•¦å•¦å•¦å•¦å•¦å•¦å•¦å•¦å•¦å•¦å•¦å•¦å•¦å•¦å•¦å•¦å•¦å•¦å•¦å•¦å•¦å•¦å•¦å•¦å•¦å•¦å•¦å•¦
https://acg.fi/wp-content/uploads/bfi_thumb/9783b483d5a97ba65-6r3hdo75er1pb4r361x0v5yrv3lx1wkjgwerq3xhqbk.png,ä¸€æ‰¹ç¿˜è‡€ç¦åˆ©-9
https://acg.fi/wp-content/uploads/bfi_thumb/1421121d0339a5597e-6r3fss4l3ii1q3u0xcmkyasfavklmahu8necy3e6ruo.jpg,ç¢°æ²™å¡æ‹‰å¡ï½ç¦åˆ©
https://acg.fi/wp-content/uploads/bfi_thumb/14211d5a05d636c892-6r3d64i8j6l9sf7s9gnx3zovb68bvcrtkt8pf8yp94w.jpg,ç¦åˆ©è¶³
